Workbook
Name AllData: Report!$A$9:$T$311
Name Faults: #REF!
Name Flag: INDIRECT(#REF!)
Name No_Engine_Faults: #REF!
Name Status: #REF!

Sheet Data
A1: CompanyName | B1: Sanjaya ( Demo Database)
A2: RunDate | B2: 46074.958
A3: FromDate | B3: 45678
A4: ToDate | B4: 46075
A5: SendReport | B5: TRUE
A6: LastModifiedUser | B6: **<No User>
A7: Language | B7: en
A8: .Device.DeviceName | B8: .Device.DeviceGroup | C8: .Device.DeviceGroup|Company Group | D8: .Device.DeviceId | E8: FaultDataDateTime | F8: .Diagnostic.DiagnosticName | G8: .Diagnostic.DiagnosticCode | H8: .Diagnostic.Source.SourceName | I8: .Controller.ControllerName | J8: FaultDataFaultState | K8: FaultDataSeverity | L8: FaultDataDescription | M8: FaultDataEffectOnComponent | N8: FaultDataRecommendation | O8: FaultDataRiskOfBreakdown
A9: Demo - 19 | B9: Vehicle, Company Group | C9: Vehicle | D9: b13 | E9: 46053.573 | F9: Low priority warning light is on | G9: 175 | H9: Telematics Device | I9: Telematics device | J9: Active
A10: Demo - 19 | B10: Vehicle, Company Group | C10: Vehicle | D10: b13 | E10: 46063.836 | F10: Low priority warning light is on | G10: 175 | H10: Telematics Device | I10: Telematics device | J10: Active
A11: Demo - 19 | B11: Vehicle, Company Group | C11: Vehicle | D11: b13 | E11: 46071.837 | F11: Low priority warning light is on | G11: 175 | H11: Telematics Device | I11: Telematics device | J11: Active
A12: Demo - 19 | B12: Vehicle, Company Group | C12: Vehicle | D12: b13 | E12: 46072.862 | F12: Low priority warning light is on | G12: 175 | H12: Telematics Device | I12: Telematics device | J12: Active
A13: Demo - 20 | B13: Vehicle, Company Group | C13: Vehicle | D13: b14 | E13: 46058.396 | F13: Low priority warning light is on | G13: 175 | H13: Telematics Device | I13: Telematics device | J13: Active
A14: Demo - 20 | B14: Vehicle, Company Group | C14: Vehicle | D14: b14 | E14: 46068.658 | F14: Low priority warning light is on | G14: 175 | H14: Telematics Device | I14: Telematics device | J14: Active
A15: Demo - 21 | B15: Vehicle, Company Group | C15: Vehicle | D15: b15 | E15: 46063.218 | F15: Low priority warning light is on | G15: 175 | H15: Telematics Device | I15: Telematics device | J15: Active
A16: Demo - 21 | B16: Vehicle, Company Group | C16: Vehicle | D16: b15 | E16: 46073.481 | F16: Low priority warning light is on | G16: 175 | H16: Telematics Device | I16: Telematics device | J16: Active
A17: Demo - 22 | B17: Vehicle, Company Group | C17: Vehicle | D17: b16 | E17: 46068.04 | F17: Low priority warning light is on | G17: 175 | H17: Telematics Device | I17: Telematics device | J17: Active
A18: Demo - 23 | B18: Vehicle, Company Group | C18: Vehicle | D18: b17 | E18: 46056.002 | F18: Alert: Collision limit for acceleration exceeded | G18: 166 | H18: Telematics Device | I18: Telematics device | J18: Active
A19: Demo - 23 | B19: Vehicle, Company Group | C19: Vehicle | D19: b17 | E19: 46074.416 | F19: Alert: Collision limit for acceleration exceeded | G19: 166 | H19: Telematics Device | I19: Telematics device | J19: Active
A20: Demo - 24 | B20: Vehicle, Company Group | C20: Vehicle | D20: b18 | E20: 46060.606 | F20: Alert: Collision limit for acceleration exceeded | G20: 166 | H20: Telematics Device | I20: Telematics device | J20: Active
... A310: Demo - 43 | B310: Vehicle, Company Group | C310: Vehicle | D310: b2B | E310: 46069.547 | F310: Low priority warning light is on | G310: 175 | H310: Telematics Device | I310: Telematics device | J310: Active

Sheet Active Faults Summary
A1: Engine Faults | C1: =Data!B2 -> 46074.958
A2: =Data!B1 -> Sanjaya ( Demo Database) | S2: Fault Count | T2: Fault Codes
I3: The Active Engine Faults Report displays active engine faults for all vehicles. This report can be used for proactive maintenance programs. | S3: Engine Faults
A4: Date | S4: No Engine Faults Detected
A5: From | B5: =Data!B3 -> 45678
A6: To | B6: =Data!B4 -> 46075
A7: Days | B7: =B6-B5+1 -> 397.99999
A9: Device | B9: Device Group | C9: Description | D9: Code | E9: Fault State | F9: Fault Count
A10: Grand Total
J11: =IF(SUM(F10:F10000)=0, 'Active Faults Summary'!$S$4, "") -> No Engine Faults Detected

Sheet Report
A1: Engine Faults | D1: =Data!B2 -> 46074.958
A2: =Data!B1 -> Sanjaya ( Demo Database)
A4: Date
A5: From | B5: =Data!B3 -> 45678
A6: To | B6: =Data!B4 -> 46075
A7: Days | B7: =B6-B5+1 -> 397.99999
A9: Device | B9: Device Group | C9: Device ID | D9: Date | E9: ValidDateNum | F9: Description | G9: Vehicle & Fault | H9: Different Fault Count | I9: Fault State | J9: Engine Fault Active? | K9: Source | L9: Engine Fault Telematics Source | M9: Controller | N9: Code | O9: SendReport | P9: Severity | Q9: Fault Description | R9: Effect On Component | S9: Recommendation | T9: Risk of Breakdown
A10: =Data!A9 -> Demo - 19 | B10: =Data!B9 -> Vehicle, Company Group | C10: =Data!D9 -> b13 | D10: =Data!E9 -> 46053.573 | E10: =IF(L10=FALSE,1,0) -> 0 | F10: =Data!F9 -> Low priority warning light is on | G10: =Data!A9&" "&Data!F9 -> Demo - 19 Low priority warning light is on | H10: =IF(COUNTIF($G$10:G10,G10)>1,0,1) -> 1 | I10: =IF(L10=FALSE,Data!J9," ") | J10: =ISNUMBER(SEARCH("active",I10)) -> FALSE | K10: =Data!H9 -> Telematics Device | L10: =OR(ISNUMBER(SEARCH("telematics",M10)),ISNUMBER(SEARCH("device",M10))) -> TRUE | M10: =Data!I9 -> Telematics device | N10: =Data!G9 -> 175 | O10: =IF(ISBLANK(A10)=TRUE,FALSE,TRUE) -> TRUE | P10: =IF(Data!K9=FALSE(),"", Data!K9) | Q10: =IF(Data!L9=FALSE(),"", Data!L9) | R10: =IF(Data!M9=FALSE(),"", Data!M9) | S10: =IF(Data!N9=FALSE(),"", Data!N9)
A11: =Data!A10 -> Demo - 19 | B11: =Data!B10 -> Vehicle, Company Group | C11: =Data!D10 -> b13 | D11: =Data!E10 -> 46063.836 | E11: =IF(L11=FALSE,1,0) -> 0 | F11: =Data!F10 -> Low priority warning light is on | G11: =Data!A10&" "&Data!F10 -> Demo - 19 Low priority warning light is on | H11: =IF(COUNTIF($G$10:G11,G11)>1,0,1) -> 0 | I11: =IF(L11=FALSE,Data!J10," ") | J11: =ISNUMBER(SEARCH("active",I11)) -> FALSE | K11: =Data!H10 -> Telematics Device | L11: =OR(ISNUMBER(SEARCH("telematics",M11)),ISNUMBER(SEARCH("device",M11))) -> TRUE | M11: =Data!I10 -> Telematics device | N11: =Data!G10 -> 175 | O11: =IF(ISBLANK(A11)=TRUE,FALSE,TRUE) -> TRUE | P11: =IF(Data!K10=FALSE(),"", Data!K10) | Q11: =IF(Data!L10=FALSE(),"", Data!L10) | R11: =IF(Data!M10=FALSE(),"", Data!M10) | S11: =IF(Data!N10=FALSE(),"", Data!N10)
A12: =Data!A11 -> Demo - 19 | B12: =Data!B11 -> Vehicle, Company Group | C12: =Data!D11 -> b13 | D12: =Data!E11 -> 46071.837 | E12: =IF(L12=FALSE,1,0) -> 0 | F12: =Data!F11 -> Low priority warning light is on | G12: =Data!A11&" "&Data!F11 -> Demo - 19 Low priority warning light is on | H12: =IF(COUNTIF($G$10:G12,G12)>1,0,1) -> 0 | I12: =IF(L12=FALSE,Data!J11," ") | J12: =ISNUMBER(SEARCH("active",I12)) -> FALSE | K12: =Data!H11 -> Telematics Device | L12: =OR(ISNUMBER(SEARCH("telematics",M12)),ISNUMBER(SEARCH("device",M12))) -> TRUE | M12: =Data!I11 -> Telematics device | N12: =Data!G11 -> 175 | O12: =IF(ISBLANK(A12)=TRUE,FALSE,TRUE) -> TRUE | P12: =IF(Data!K11=FALSE(),"", Data!K11) | Q12: =IF(Data!L11=FALSE(),"", Data!L11) | R12: =IF(Data!M11=FALSE(),"", Data!M11) | S12: =IF(Data!N11=FALSE(),"", Data!N11)
A13: =Data!A12 -> Demo - 19 | B13: =Data!B12 -> Vehicle, Company Group | C13: =Data!D12 -> b13 | D13: =Data!E12 -> 46072.862 | E13: =IF(L13=FALSE,1,0) -> 0 | F13: =Data!F12 -> Low priority warning light is on | G13: =Data!A12&" "&Data!F12 -> Demo - 19 Low priority warning light is on | H13: =IF(COUNTIF($G$10:G13,G13)>1,0,1) -> 0 | I13: =IF(L13=FALSE,Data!J12," ") | J13: =ISNUMBER(SEARCH("active",I13)) -> FALSE | K13: =Data!H12 -> Telematics Device | L13: =OR(ISNUMBER(SEARCH("telematics",M13)),ISNUMBER(SEARCH("device",M13))) -> TRUE | M13: =Data!I12 -> Telematics device | N13: =Data!G12 -> 175 | O13: =IF(ISBLANK(A13)=TRUE,FALSE,TRUE) -> TRUE | P13: =IF(Data!K12=FALSE(),"", Data!K12) | Q13: =IF(Data!L12=FALSE(),"", Data!L12) | R13: =IF(Data!M12=FALSE(),"", Data!M12) | S13: =IF(Data!N12=FALSE(),"", Data!N12)
A14: =Data!A13 -> Demo - 20 | B14: =Data!B13 -> Vehicle, Company Group | C14: =Data!D13 -> b14 | D14: =Data!E13 -> 46058.396 | E14: =IF(L14=FALSE,1,0) -> 0 | F14: =Data!F13 -> Low priority warning light is on | G14: =Data!A13&" "&Data!F13 -> Demo - 20 Low priority warning light is on | H14: =IF(COUNTIF($G$10:G14,G14)>1,0,1) -> 1 | I14: =IF(L14=FALSE,Data!J13," ") | J14: =ISNUMBER(SEARCH("active",I14)) -> FALSE | K14: =Data!H13 -> Telematics Device | L14: =OR(ISNUMBER(SEARCH("telematics",M14)),ISNUMBER(SEARCH("device",M14))) -> TRUE | M14: =Data!I13 -> Telematics device | N14: =Data!G13 -> 175 | O14: =IF(ISBLANK(A14)=TRUE,FALSE,TRUE) -> TRUE | P14: =IF(Data!K13=FALSE(),"", Data!K13) | Q14: =IF(Data!L13=FALSE(),"", Data!L13) | R14: =IF(Data!M13=FALSE(),"", Data!M13) | S14: =IF(Data!N13=FALSE(),"", Data!N13)
A15: =Data!A14 -> Demo - 20 | B15: =Data!B14 -> Vehicle, Company Group | C15: =Data!D14 -> b14 | D15: =Data!E14 -> 46068.658 | E15: =IF(L15=FALSE,1,0) -> 0 | F15: =Data!F14 -> Low priority warning light is on | G15: =Data!A14&" "&Data!F14 -> Demo - 20 Low priority warning light is on | H15: =IF(COUNTIF($G$10:G15,G15)>1,0,1) -> 0 | I15: =IF(L15=FALSE,Data!J14," ") | J15: =ISNUMBER(SEARCH("active",I15)) -> FALSE | K15: =Data!H14 -> Telematics Device | L15: =OR(ISNUMBER(SEARCH("telematics",M15)),ISNUMBER(SEARCH("device",M15))) -> TRUE | M15: =Data!I14 -> Telematics device | N15: =Data!G14 -> 175 | O15: =IF(ISBLANK(A15)=TRUE,FALSE,TRUE) -> TRUE | P15: =IF(Data!K14=FALSE(),"", Data!K14) | Q15: =IF(Data!L14=FALSE(),"", Data!L14) | R15: =IF(Data!M14=FALSE(),"", Data!M14) | S15: =IF(Data!N14=FALSE(),"", Data!N14)
A16: =Data!A15 -> Demo - 21 | B16: =Data!B15 -> Vehicle, Company Group | C16: =Data!D15 -> b15 | D16: =Data!E15 -> 46063.218 | E16: =IF(L16=FALSE,1,0) -> 0 | F16: =Data!F15 -> Low priority warning light is on | G16: =Data!A15&" "&Data!F15 -> Demo - 21 Low priority warning light is on | H16: =IF(COUNTIF($G$10:G16,G16)>1,0,1) -> 1 | I16: =IF(L16=FALSE,Data!J15," ") | J16: =ISNUMBER(SEARCH("active",I16)) -> FALSE | K16: =Data!H15 -> Telematics Device | L16: =OR(ISNUMBER(SEARCH("telematics",M16)),ISNUMBER(SEARCH("device",M16))) -> TRUE | M16: =Data!I15 -> Telematics device | N16: =Data!G15 -> 175 | O16: =IF(ISBLANK(A16)=TRUE,FALSE,TRUE) -> TRUE | P16: =IF(Data!K15=FALSE(),"", Data!K15) | Q16: =IF(Data!L15=FALSE(),"", Data!L15) | R16: =IF(Data!M15=FALSE(),"", Data!M15) | S16: =IF(Data!N15=FALSE(),"", Data!N15)
A17: =Data!A16 -> Demo - 21 | B17: =Data!B16 -> Vehicle, Company Group | C17: =Data!D16 -> b15 | D17: =Data!E16 -> 46073.481 | E17: =IF(L17=FALSE,1,0) -> 0 | F17: =Data!F16 -> Low priority warning light is on | G17: =Data!A16&" "&Data!F16 -> Demo - 21 Low priority warning light is on | H17: =IF(COUNTIF($G$10:G17,G17)>1,0,1) -> 0 | I17: =IF(L17=FALSE,Data!J16," ") | J17: =ISNUMBER(SEARCH("active",I17)) -> FALSE | K17: =Data!H16 -> Telematics Device | L17: =OR(ISNUMBER(SEARCH("telematics",M17)),ISNUMBER(SEARCH("device",M17))) -> TRUE | M17: =Data!I16 -> Telematics device | N17: =Data!G16 -> 175 | O17: =IF(ISBLANK(A17)=TRUE,FALSE,TRUE) -> TRUE | P17: =IF(Data!K16=FALSE(),"", Data!K16) | Q17: =IF(Data!L16=FALSE(),"", Data!L16) | R17: =IF(Data!M16=FALSE(),"", Data!M16) | S17: =IF(Data!N16=FALSE(),"", Data!N16)
A18: =Data!A17 -> Demo - 22 | B18: =Data!B17 -> Vehicle, Company Group | C18: =Data!D17 -> b16 | D18: =Data!E17 -> 46068.04 | E18: =IF(L18=FALSE,1,0) -> 0 | F18: =Data!F17 -> Low priority warning light is on | G18: =Data!A17&" "&Data!F17 -> Demo - 22 Low priority warning light is on | H18: =IF(COUNTIF($G$10:G18,G18)>1,0,1) -> 1 | I18: =IF(L18=FALSE,Data!J17," ") | J18: =ISNUMBER(SEARCH("active",I18)) -> FALSE | K18: =Data!H17 -> Telematics Device | L18: =OR(ISNUMBER(SEARCH("telematics",M18)),ISNUMBER(SEARCH("device",M18))) -> TRUE | M18: =Data!I17 -> Telematics device | N18: =Data!G17 -> 175 | O18: =IF(ISBLANK(A18)=TRUE,FALSE,TRUE) -> TRUE | P18: =IF(Data!K17=FALSE(),"", Data!K17) | Q18: =IF(Data!L17=FALSE(),"", Data!L17) | R18: =IF(Data!M17=FALSE(),"", Data!M17) | S18: =IF(Data!N17=FALSE(),"", Data!N17)
A19: =Data!A18 -> Demo - 23 | B19: =Data!B18 -> Vehicle, Company Group | C19: =Data!D18 -> b17 | D19: =Data!E18 -> 46056.002 | E19: =IF(L19=FALSE,1,0) -> 0 | F19: =Data!F18 -> Alert: Collision limit for acceleration exceeded | G19: =Data!A18&" "&Data!F18 -> Demo - 23 Alert: Collision limit for acceleration exceeded | H19: =IF(COUNTIF($G$10:G19,G19)>1,0,1) -> 1 | I19: =IF(L19=FALSE,Data!J18," ") | J19: =ISNUMBER(SEARCH("active",I19)) -> FALSE | K19: =Data!H18 -> Telematics Device | L19: =OR(ISNUMBER(SEARCH("telematics",M19)),ISNUMBER(SEARCH("device",M19))) -> TRUE | M19: =Data!I18 -> Telematics device | N19: =Data!G18 -> 166 | O19: =IF(ISBLANK(A19)=TRUE,FALSE,TRUE) -> TRUE | P19: =IF(Data!K18=FALSE(),"", Data!K18) | Q19: =IF(Data!L18=FALSE(),"", Data!L18) | R19: =IF(Data!M18=FALSE(),"", Data!M18) | S19: =IF(Data!N18=FALSE(),"", Data!N18)
A20: =Data!A19 -> Demo - 23 | B20: =Data!B19 -> Vehicle, Company Group | C20: =Data!D19 -> b17 | D20: =Data!E19 -> 46074.416 | E20: =IF(L20=FALSE,1,0) -> 0 | F20: =Data!F19 -> Alert: Collision limit for acceleration exceeded | G20: =Data!A19&" "&Data!F19 -> Demo - 23 Alert: Collision limit for acceleration exceeded | H20: =IF(COUNTIF($G$10:G20,G20)>1,0,1) -> 0 | I20: =IF(L20=FALSE,Data!J19," ") | J20: =ISNUMBER(SEARCH("active",I20)) -> FALSE | K20: =Data!H19 -> Telematics Device | L20: =OR(ISNUMBER(SEARCH("telematics",M20)),ISNUMBER(SEARCH("device",M20))) -> TRUE | M20: =Data!I19 -> Telematics device | N20: =Data!G19 -> 166 | O20: =IF(ISBLANK(A20)=TRUE,FALSE,TRUE) -> TRUE | P20: =IF(Data!K19=FALSE(),"", Data!K19) | Q20: =IF(Data!L19=FALSE(),"", Data!L19) | R20: =IF(Data!M19=FALSE(),"", Data!M19) | S20: =IF(Data!N19=FALSE(),"", Data!N19)
A21: =Data!A20 -> Demo - 24 | B21: =Data!B20 -> Vehicle, Company Group | C21: =Data!D20 -> b18 | D21: =Data!E20 -> 46060.606 | E21: =IF(L21=FALSE,1,0) -> 0 | F21: =Data!F20 -> Alert: Collision limit for acceleration exceeded | G21: =Data!A20&" "&Data!F20 -> Demo - 24 Alert: Collision limit for acceleration exceeded | H21: =IF(COUNTIF($G$10:G21,G21)>1,0,1) -> 1 | I21: =IF(L21=FALSE,Data!J20," ") | J21: =ISNUMBER(SEARCH("active",I21)) -> FALSE | K21: =Data!H20 -> Telematics Device | L21: =OR(ISNUMBER(SEARCH("telematics",M21)),ISNUMBER(SEARCH("device",M21))) -> TRUE | M21: =Data!I20 -> Telematics device | N21: =Data!G20 -> 166 | O21: =IF(ISBLANK(A21)=TRUE,FALSE,TRUE) -> TRUE | P21: =IF(Data!K20=FALSE(),"", Data!K20) | Q21: =IF(Data!L20=FALSE(),"", Data!L20) | R21: =IF(Data!M20=FALSE(),"", Data!M20) | S21: =IF(Data!N20=FALSE(),"", Data!N20)
... A311: =Data!A310 -> Demo - 43 | B311: =Data!B310 -> Vehicle, Company Group | C311: =Data!D310 -> b2B | D311: =Data!E310 -> 46069.547 | E311: =IF(L311=FALSE,1,0) -> 0 | F311: =Data!F310 -> Low priority warning light is on | G311: =Data!A310&" "&Data!F310 -> Demo - 43 Low priority warning light is on | H311: =IF(COUNTIF($G$10:G311,G311)>1,0,1) -> 1 | I311: =IF(L311=FALSE,Data!J310," ") | J311: =ISNUMBER(SEARCH("active",I311)) -> FALSE | K311: =Data!H310 -> Telematics Device | L311: =OR(ISNUMBER(SEARCH("telematics",M311)),ISNUMBER(SEARCH("device",M311))) -> TRUE | M311: =Data!I310 -> Telematics device | N311: =Data!G310 -> 175 | O311: =IF(ISBLANK(A311)=TRUE,FALSE,TRUE) -> TRUE | P311: =IF(Data!K310=FALSE(),"", Data!K310) | Q311: =IF(Data!L310=FALSE(),"", Data!L310) | R311: =IF(Data!M310=FALSE(),"", Data!M310) | S311: =IF(Data!N310=FALSE(),"", Data!N310)

Sheet Graph
A1: Engine Faults | C1: =Data!B2 -> 46074.958
A2: =Data!B1 -> Sanjaya ( Demo Database)
A4: Date
A5: From | B5: =Data!B3 -> 45678
A6: To | B6: =Data!B4 -> 46075
A7: Days | B7: =B6-B5+1 -> 397.99999
A9: Device | B9: Fault Count | C9: Fault Code Count
A10: Demo - 42 | B10: 0 | C10: 1
A11: Demo - 34 | B11: 0 | C11: 1
A12: Demo - 32 | B12: 0 | C12: 1
A13: Demo - 20 | B13: 0 | C13: 1
A14: Demo - 40 | B14: 0 | C14: 2
A15: Demo - 21 | B15: 0 | C15: 1
A16: Demo - 19 | B16: 0 | C16: 1
A17: Demo - 22 | B17: 0 | C17: 1
A18: Demo - 33 | B18: 0 | C18: 1
A19: Demo - 23 | B19: 0 | C19: 1
A20: Demo - 39 | B20: 0 | C20: 2
A21: Demo - 24 | B21: 0 | C21: 1
... A26: Demo - 31 | B26: 0 | C26: 1

Sheet Languages
A1: English | B1: French Canada | C1: Spanish | D1: German | E1: Japanese | F1: Polish | G1: Portuguese-Brazil | H1: Dutch | I1: Italian | J1: Simplified Chinese | K1: Thai | L1: Indonesian | M1: Czech | N1: Swedish | O1: Turkish | P1: Malay | Q1: French France | R1: Korean | S1: Traditional Chinese | T1: Danish | U1: Finnish | V1: Hungarian | W1: Norwegian | X1: Slovak
A2: **Device | B2: Dispositif | C2: Dispositivo | D2: Gerät | E2: デバイス | F2: Urządzenie | G2: Dispositivo | H2: Apparaat | I2: Dispositivo | J2: 设备 | K2: อุปกรณ์ | L2: Perangkat | M2: Zařízení | N2: Enhet | O2: Aygıt | P2: Peranti | Q2: Boîtier | R2: 장치 | S2: 裝置 | T2: Enhed | U2: Laite | V2: Készülék | W2: Enhet | X2: Zariadenie
A3: **Device Group | B3: Groupe de dispositifs | C3: Grupo de dispositivos | D3: Gerätegruppe | E3: デバイスグループ | F3: Grupa urzadzen | G3: Grupo de dispositivo | H3: Apparaatgroep | I3: Gruppo di dispositivi | J3: 设备的组名 | K3: กลุ่มอุปกรณ์ | L3: Grup Perangkat | M3: Skupina zařízení | N3: Enhetsgrupp | O3: Aygıt Grubu | P3: Kumpulan Peranti | Q3: Groupe de boîtiers | R3: 장치 그룹 | S3: 裝置群組 | T3: Enhedsgruppe | U3: Laiteryhmä | V3: Készülékcsoport | W3: Enhetsgruppe | X3: Skupina zariadení
A4: **Date | B4: Date | C4: Fecha | D4: Datum | E4: データ | F4: Data | G4: Data | H4: Datum | I4: Data | J4: 日期 | K4: วันที่ | L4: Tanggal | M4: Datum | N4: Datum | O4: Tarih | P4: Tarikh | Q4: Date | R4: 날짜 | S4: 日期 | T4: Dato | U4: Päivämäärä | V4: Dátum | W4: Dato | X4: Dátum
A5: **Dismiss Date | B5: Date de rejet | C5: Fecha de descarte | D5: Aufhebungsdatum | E5: 日付を却下 | F5: Data odrzucenia | G5: Data de extinção do defeito | H5: Datum verworpen | I5: Data di rimozione | J5: 排除日期 | K5: วันที่ละเว้น | L5: Abaikan Tanggal | M5: Datum zamítnutí | N5: Avfärda datum | O5: Kapatma Tarihi | P5: Ketepikan Tarikh | Q5: Date de l’action « Ignorer » | R5: 날짜 무시 | S5: 解除日期 | T5: Afvis dato | U5: Hylkää päivämäärä | V5: Dátum elutasítása | W5: Avvis dato | X5: Dátum zrušenia
A6: **Dismiss User | B6: Rejeter l'utilisateur | C6: Usuario que lo descarta | D6: Aufhebender Benutzer | E6: ユーザーを却下 | F6: Odrzuc uzytkownika | G6: Usuário que extinguiu o defeito | H6: Verworpen door gebruiker | I6: Rimuovere utente | J6: 排除用户 | K6: ผู้ใช้ที่ละเว้น | L6: Abaikan Pengguna | M6: Zamítnout uživatele | N6: Avfärda användare | O6: Kullanıcıyı Kapat | P6: Ketepikan Pengguna | Q6: Utilisateur qui a ignoré | R6: 사용자 무시 | S6: 解除使用者 | T6: Afvis bruger | U6: Hylkää käyttäjä | V6: Felhasználó elutasítása | W6: Avvis bruker | X6: Zrušiť používateľa
A7: **Description | B7: Description | C7: Descripción | D7: Beschreibung | E7: 説明を入力してください | F7: Opis | G7: Descrição | H7: Omschrijving | I7: Descrizione | J7: 描述 | K7: คำอธิบาย | L7: Deskripsi | M7: Popis | N7: Beskrivning | O7: Açıklama | P7: Huraian | Q7: Description | R7: 설명 | S7: 描述 | T7: Beskrivelse | U7: Kuvaus | V7: Leírás | W7: Beskrivelse | X7: Opis
A8: **Failure Mode | B8: Modes de défaillance | C8: Modo de Falla | D8: Ausfallart | E8: 故障モード | F8: Sposób powstania awarii | G8: Modo de falha | H8: Storingsmodus | I8: Modalità di guasto | J8: 故障模式 | K8: โหมดความล้มเหลว | L8: Mode Kegagalan | M8: Poruchový režim | N8: Felläge | O8: Hata Modu | P8: Mod Kegagalan | Q8: Mode d'échec | R8: 고장 모드 | S8: 故障模式 | T8: Fejltilstand | U8: Virhetila | V8: Meghibásodás üzemmód | W8: Feilmodus | X8: Spôsob zlyhania
A9: **Source | B9: Source | C9: Fuente | D9: Quelle | E9: ソース | F9: Źródło | G9: Fonte | H9: Bron | I9: Sorgente | J9: 来源 | K9: แหล่ง | L9: Sumber | M9: Zdroj | N9: Källa | O9: Kaynak | P9: Sumber | Q9: Source | R9: 소스 | S9: 來源 | T9: Kilde | U9: Lähde | V9: Forrás | W9: Kilde | X9: Zdroj
A10: **Controller | B10: Contrôleur | C10: Controlador | D10: Controller | E10: コントローラ | F10: Kontroler | G10: Controlador | H10: Controller | I10: Controller | J10: 控制器 | K10: ตัวควบคุม | L10: Pengontrol | M10: Ovladač | N10: Kontrollant | O10: Kontrol Aygıtı | P10: Pengawal | Q10: Contrôleur | R10: 컨트롤러 | S10: 控制器 | T10: Controller | U10: Ohjain | V10: Vezérlő | W10: Kontroller | X10: Riadiaca jednotka
A11: **Code | B11: Code | C11: Código | D11: Code | E11: コード | F11: Kod | G11: Código | H11: Code | I11: Codice | J11: 代码 | K11: รหัส | L11: Kode | M11: Kód | N11: Kod | O11: Kod | P11: Kod | Q11: Code | R11: 코드 | S11: 代碼 | T11: Kode | U11: Koodi | V11: Kód | W11: Kode | X11: Kód
A12: **Engine Fault Report | B12: Rapport d'anomalie du moteur | C12: Reporte de errores del motor | D12: Bericht Motorfehler | E12: エンジン異常レポート | F12: Raport usterek silnika | G12: Relatório de falhas do motor | H12: Rapport Motorstoring | I12: Report dei problemi del motore | J12: 发动机故障报告 | K12: รายงานข้อผิดพลาดของเครื่องยนต์ | L12: Laporan Kerusakan Mesin | M12: Výkaz o závadě motoru | N12: Motorfelsrapport | O12: Motor Hata Raporu | P12: Laporan Kegagalan Enjin | Q12: Rapport des pannes du moteur | R12: 엔진 고장 보고서 | S12: 引擎故障報告 | T12: Motorfejlrapport | U12: Moottorin vikaraportti | V12: Motorhiba-jelentés | W12: Rapport om motorfeil | X12: Výkaz poruchy motora
... A35: **Risk of Breakdown | B35: **Risk of Breakdown | C35: **Risk of Breakdown | D35: **Risk of Breakdown | E35: **Risk of Breakdown | F35: **Risk of Breakdown | G35: **Risk of Breakdown | H35: **Risk of Breakdown | I35: **Risk of Breakdown | J35: **Risk of Breakdown | K35: **Risk of Breakdown | L35: **Risk of Breakdown | M35: **Risk of Breakdown | N35: **Risk of Breakdown | O35: **Risk of Breakdown | P35: **Risk of Breakdown | Q35: **Risk of Breakdown | R35: **Risk of Breakdown | S35: **Risk of Breakdown | T35: **Risk of Breakdown | U35: **Risk of Breakdown | V35: **Risk of Breakdown | W35: **Risk of Breakdown | X35: **Risk of Breakdown
