Workbook
Name AllData: Report!$A$9:$I$59

Sheet Data
A1: CompanyName | B1: Sanjaya ( Demo Database)
A2: RunDate | B2: 46074.959
A3: FromDate | B3: 45678
A4: ToDate | B4: 46075
A5: TimeZone | B5: America/Toronto
A6: DistanceUnit | B6: km
A7: SpeedUnit | B7: km/h
A8: SendReport | B8: TRUE
A9: LastModifiedUser | B9: **<No User>
A10: Language | B10: en
A11: DeviceName | B11: DeviceGroup | C11: DeviceGroup|Company Group | D11: DeviceId | E11: UserId | F11: UserFirstName | G11: UserLastName | H11: DriverGroup | I11: DriverGroup|Company Group | J11: RiskManagementTotalDrivingDuration | K11: RiskManagementIdlingDuration
A12: Demo - 01 | B12: Vehicle, Company Group | C12: Vehicle | D12: b1 | J12: 2.0578125 | K12: 0.13670139
A13: Demo - 02 | B13: Vehicle, Company Group | C13: Vehicle | D13: b2 | J13: 1.8327546 | K13: 0.10907407
A14: Demo - 03 | B14: Vehicle, Company Group | C14: Vehicle | D14: b3 | J14: 1.6214815 | K14: 0.10200231
A15: Demo - 04 | B15: Vehicle, Company Group | C15: Vehicle | D15: b4 | J15: 1.2696528 | K15: 0.10230324
A16: Demo - 05 | B16: Vehicle, Company Group | C16: Vehicle | D16: b5 | J16: 1.1114468 | K16: 0.11328704
A17: Demo - 06 | B17: Vehicle, Company Group | C17: Vehicle | D17: b6 | J17: 0.96194444 | K17: 0.082800926
A18: Demo - 07 | B18: Vehicle, Company Group | C18: Vehicle | D18: b7 | J18: 0.97918981 | K18: 0.1177662
A19: Demo - 08 | B19: Vehicle, Company Group | C19: Vehicle | D19: b8 | J19: 0.75055556 | K19: 0.10905093
A20: Demo - 09 | B20: Vehicle, Company Group | C20: Vehicle | D20: b9 | J20: 0.53769676 | K20: 0.07443287
A21: Demo - 10 | B21: Vehicle, Company Group | C21: Vehicle | D21: bA | J21: 0.42533565 | K21: 0.064097222
A22: Demo - 11 | B22: Vehicle, Company Group | C22: Vehicle | D22: bB | J22: 1.6301389 | K22: 0.10222222
A23: Demo - 12 | B23: Vehicle, Company Group | C23: Vehicle | D23: bC | J23: 1.3678472 | K23: 0.089525463
... A61: Demo - 50 | B61: Vehicle, Company Group | C61: Vehicle | D61: b32 | J61: 0.31549769 | K61: 0.0034722222

Sheet Summary
A1: Idling Violations | C1: =Data!B2 -> 46074.959
A2: =Data!B1 -> Sanjaya ( Demo Database)
F3: The Idling Violations Report displays idling duration and idling percentage data. This Report uses default idling logic, where an exception is captured if a vehicle idles for 3 minutes and 20 seconds or longer. idling percentage is calculated based on the relationship between idling duration and total engine hours. For example, if a vehicle idles for 2 hours out of 4 total engine hours, the idling percentage is 50%.
A4: Date | U4: Idling Duration (h:m:s)
A5: From | B5: =Data!B3 -> 45678 | U5: Idling %
A6: To | B6: =Data!B4 -> 46075
A7: Days | B7: =B6-B5 -> 396.99999
A9: Item | B9: Idling Duration | C9: Idling %
A10: Demo - 31 | B10: 0.33390046 | C10: 0.13390797
A11: Demo - 15 | B11: 0.31540509 | C11: 0.11854961
A12: Demo - 32 | B12: 0.27041667 | C12: 0.14084796
A13: Demo - 33 | B13: 0.25844907 | C13: 0.15524409
A14: Demo - 18 | B14: 0.24396991 | C14: 0.25827677
A15: Demo - 34 | B15: 0.23974537 | C15: 0.27004758
A16: Demo - 17 | B16: 0.18899306 | C16: 0.13610562
A17: Demo - 27 | B17: 0.17064815 | C17: 0.078295179
A18: Demo - 24 | B18: 0.16199074 | C18: 0.10970544
A19: Demo - 28 | B19: 0.15645833 | C19: 0.09355859
A20: Demo - 16 | B20: 0.15603009 | C20: 0.090548828
A21: Demo - 29 | B21: 0.1528588 | C21: 0.11864848
... A60: Grand Total | B60: 6.0295602 | C60: 0.093364398

Sheet Report
A1: Idling Violations | E1: =Data!B2 -> 46074.959
A2: =Data!B1 -> Sanjaya ( Demo Database)
A4: Date
A5: From | B5: =Data!B3 -> 45678
A6: To | B6: =Data!B4 -> 46075
A7: Days | B7: =B6-B5 -> 396.99999
A9: Item | B9: Group | C9: Device ID | D9: User ID | E9: Driving Duration (h:m:s) | F9: Idling Duration (h:m:s) | G9: Engine Hours (h:m:s) | H9: Include | I9: Idling Duration %
A10: =CONCATENATE(Data!A12,Data!F12&" "&Data!G12) -> Demo - 01 | B10: =CONCATENATE(Data!B12, Data!H12) -> Vehicle, Company Group | C10: =Data!D12 -> b1 | D10: =Data!E12 -> 0 | E10: =Data!J12 -> 2.0578125 | F10: =Data!K12 -> 0.13670139 | G10: =Data!J12+Data!K12 -> 2.1945139 | H10: =IF(I10>0,TRUE,FALSE) -> TRUE | I10: =IFERROR(F10/G10,0) -> 0.062292333
A11: =CONCATENATE(Data!A13,Data!F13&" "&Data!G13) -> Demo - 02 | B11: =CONCATENATE(Data!B13, Data!H13) -> Vehicle, Company Group | C11: =Data!D13 -> b2 | D11: =Data!E13 -> 0 | E11: =Data!J13 -> 1.8327546 | F11: =Data!K13 -> 0.10907407 | G11: =Data!J13+Data!K13 -> 1.9418287 | H11: =IF(I11>0,TRUE,FALSE) -> TRUE | I11: =IFERROR(F11/G11,0) -> 0.056170801
A12: =CONCATENATE(Data!A14,Data!F14&" "&Data!G14) -> Demo - 03 | B12: =CONCATENATE(Data!B14, Data!H14) -> Vehicle, Company Group | C12: =Data!D14 -> b3 | D12: =Data!E14 -> 0 | E12: =Data!J14 -> 1.6214815 | F12: =Data!K14 -> 0.10200231 | G12: =Data!J14+Data!K14 -> 1.7234838 | H12: =IF(I12>0,TRUE,FALSE) -> TRUE | I12: =IFERROR(F12/G12,0) -> 0.059183797
A13: =CONCATENATE(Data!A15,Data!F15&" "&Data!G15) -> Demo - 04 | B13: =CONCATENATE(Data!B15, Data!H15) -> Vehicle, Company Group | C13: =Data!D15 -> b4 | D13: =Data!E15 -> 0 | E13: =Data!J15 -> 1.2696528 | F13: =Data!K15 -> 0.10230324 | G13: =Data!J15+Data!K15 -> 1.371956 | H13: =IF(I13>0,TRUE,FALSE) -> TRUE | I13: =IFERROR(F13/G13,0) -> 0.074567435
A14: =CONCATENATE(Data!A16,Data!F16&" "&Data!G16) -> Demo - 05 | B14: =CONCATENATE(Data!B16, Data!H16) -> Vehicle, Company Group | C14: =Data!D16 -> b5 | D14: =Data!E16 -> 0 | E14: =Data!J16 -> 1.1114468 | F14: =Data!K16 -> 0.11328704 | G14: =Data!J16+Data!K16 -> 1.2247338 | H14: =IF(I14>0,TRUE,FALSE) -> TRUE | I14: =IFERROR(F14/G14,0) -> 0.092499315
A15: =CONCATENATE(Data!A17,Data!F17&" "&Data!G17) -> Demo - 06 | B15: =CONCATENATE(Data!B17, Data!H17) -> Vehicle, Company Group | C15: =Data!D17 -> b6 | D15: =Data!E17 -> 0 | E15: =Data!J17 -> 0.96194444 | F15: =Data!K17 -> 0.082800926 | G15: =Data!J17+Data!K17 -> 1.0447454 | H15: =IF(I15>0,TRUE,FALSE) -> TRUE | I15: =IFERROR(F15/G15,0) -> 0.079254647
A16: =CONCATENATE(Data!A18,Data!F18&" "&Data!G18) -> Demo - 07 | B16: =CONCATENATE(Data!B18, Data!H18) -> Vehicle, Company Group | C16: =Data!D18 -> b7 | D16: =Data!E18 -> 0 | E16: =Data!J18 -> 0.97918981 | F16: =Data!K18 -> 0.1177662 | G16: =Data!J18+Data!K18 -> 1.096956 | H16: =IF(I16>0,TRUE,FALSE) -> TRUE | I16: =IFERROR(F16/G16,0) -> 0.10735727
A17: =CONCATENATE(Data!A19,Data!F19&" "&Data!G19) -> Demo - 08 | B17: =CONCATENATE(Data!B19, Data!H19) -> Vehicle, Company Group | C17: =Data!D19 -> b8 | D17: =Data!E19 -> 0 | E17: =Data!J19 -> 0.75055556 | F17: =Data!K19 -> 0.10905093 | G17: =Data!J19+Data!K19 -> 0.85960648 | H17: =IF(I17>0,TRUE,FALSE) -> TRUE | I17: =IFERROR(F17/G17,0) -> 0.12686145
A18: =CONCATENATE(Data!A20,Data!F20&" "&Data!G20) -> Demo - 09 | B18: =CONCATENATE(Data!B20, Data!H20) -> Vehicle, Company Group | C18: =Data!D20 -> b9 | D18: =Data!E20 -> 0 | E18: =Data!J20 -> 0.53769676 | F18: =Data!K20 -> 0.07443287 | G18: =Data!J20+Data!K20 -> 0.61212963 | H18: =IF(I18>0,TRUE,FALSE) -> TRUE | I18: =IFERROR(F18/G18,0) -> 0.12159658
A19: =CONCATENATE(Data!A21,Data!F21&" "&Data!G21) -> Demo - 10 | B19: =CONCATENATE(Data!B21, Data!H21) -> Vehicle, Company Group | C19: =Data!D21 -> bA | D19: =Data!E21 -> 0 | E19: =Data!J21 -> 0.42533565 | F19: =Data!K21 -> 0.064097222 | G19: =Data!J21+Data!K21 -> 0.48943287 | H19: =IF(I19>0,TRUE,FALSE) -> TRUE | I19: =IFERROR(F19/G19,0) -> 0.13096223
A20: =CONCATENATE(Data!A22,Data!F22&" "&Data!G22) -> Demo - 11 | B20: =CONCATENATE(Data!B22, Data!H22) -> Vehicle, Company Group | C20: =Data!D22 -> bB | D20: =Data!E22 -> 0 | E20: =Data!J22 -> 1.6301389 | F20: =Data!K22 -> 0.10222222 | G20: =Data!J22+Data!K22 -> 1.7323611 | H20: =IF(I20>0,TRUE,FALSE) -> TRUE | I20: =IFERROR(F20/G20,0) -> 0.059007456
A21: =CONCATENATE(Data!A23,Data!F23&" "&Data!G23) -> Demo - 12 | B21: =CONCATENATE(Data!B23, Data!H23) -> Vehicle, Company Group | C21: =Data!D23 -> bC | D21: =Data!E23 -> 0 | E21: =Data!J23 -> 1.3678472 | F21: =Data!K23 -> 0.089525463 | G21: =Data!J23+Data!K23 -> 1.4573727 | H21: =IF(I21>0,TRUE,FALSE) -> TRUE | I21: =IFERROR(F21/G21,0) -> 0.061429354
... A59: =CONCATENATE(Data!A61,Data!F61&" "&Data!G61) -> Demo - 50 | B59: =CONCATENATE(Data!B61, Data!H61) -> Vehicle, Company Group | C59: =Data!D61 -> b32 | D59: =Data!E61 -> 0 | E59: =Data!J61 -> 0.31549769 | F59: =Data!K61 -> 0.0034722222 | G59: =Data!J61+Data!K61 -> 0.31896991 | H59: =IF(I59>0,TRUE,FALSE) -> TRUE | I59: =IFERROR(F59/G59,0) -> 0.010885736

Sheet Graph
A1: Idling Violations | C1: =Data!B2 -> 46074.959
A2: =Data!B1 -> Sanjaya ( Demo Database)
A4: Date
A5: From | B5: =Data!B3 -> 45678
A6: To | B6: =Data!B4 -> 46075
A7: Days | B7: =B6-B5 -> 396.99999
A9: Item | B9: Idling Duration | C9: Idling %
A10: Demo - 31 | B10: 0.33390046 | C10: 0.13390797
A11: Demo - 15 | B11: 0.31540509 | C11: 0.11854961
A12: Demo - 32 | B12: 0.27041667 | C12: 0.14084796
A13: Demo - 33 | B13: 0.25844907 | C13: 0.15524409
A14: Demo - 18 | B14: 0.24396991 | C14: 0.25827677
A15: Demo - 34 | B15: 0.23974537 | C15: 0.27004758
A16: Demo - 17 | B16: 0.18899306 | C16: 0.13610562
A17: Demo - 27 | B17: 0.17064815 | C17: 0.078295179
A18: Demo - 24 | B18: 0.16199074 | C18: 0.10970544
A19: Demo - 28 | B19: 0.15645833 | C19: 0.09355859
A20: Demo - 16 | B20: 0.15603009 | C20: 0.090548828
A21: Demo - 29 | B21: 0.1528588 | C21: 0.11864848
... A24: Demo - 01 | B24: 0.13670139 | C24: 0.062292333

Sheet Languages
A1: English | B1: French Canada | C1: Spanish | D1: German | E1: Japanese | F1: Polish | G1: Portuguese-Brazil | H1: Dutch | I1: Italian | J1: Simplified Chinese | K1: Thai | L1: Indonesian | M1: Czech | N1: Swedish | O1: Turkish | P1: Malay | Q1: French France | R1: Korean | S1: Traditional Chinese | T1: Danish | U1: Finnish | V1: Hungarian | W1: Norwegian | X1: Slovak
A2: **Item | B2: Élément | C2: Artículo | D2: Element | E2: 項目 | F2: Poz. | G2: Item | H2: Item | I2: Elemento | J2: 项目 | K2: รายการ | L2: Barang | M2: Položka | N2: Artikel | O2: Öğe | P2: Item | Q2: Élément | R2: 항목 | S2: 項目 | T2: Element | U2: Kohde | V2: Tétel | W2: Vare | X2: Položka
A3: **Group | B3: Groupe | C3: Grupo | D3: Gruppe | E3: グループ | F3: Grupa | G3: Grupo | H3: Groep | I3: Gruppo | J3: 组 | K3: กลุ่ม | L3: Grup | M3: Skupina | N3: Grupp | O3: Grup | P3: Kumpulan | Q3: Groupe | R3: 그룹 | S3: 群組 | T3: Gruppe | U3: Ryhmä | V3: Csoport | W3: Gruppe | X3: Skupina
A4: **Period Number | B4: Numéro de période | C4: Número del periodo | D4: Periodennummer | E4: 期間番号 | F4: Numer okresu | G4: Número do período | H4: Periodenummer | I4: Numero del periodo | J4: 期间编号 | K4: หมายเลขช่วงเวลา | L4: Nomor Periode | M4: Číslo období | N4: Periodnummer | O4: Zaman Dilimi Numarası | P4: Nombor Tempoh | Q4: Numéro de la période | R4: 기간 번호 | S4: 期間編號 | T4: Periodenummer | U4: Jakson numero | V4: Időszak száma | W4: Periodenummer | X4: Číslo obdobia
A5: **Period Start Date | B5: Début de la période (date) | C5: Fecha de inicio del periodo | D5: Periodenanfangsdatum | E5: 期間開始日 | F5: Data poczatkowa okresu | G5: Data do início do período | H5: Startdatum periode | I5: Data iniziale del periodo | J5: 期间开始日期 | K5: วันที่เริ่มต้นช่วงเวลา | L5: Tanggal Mulai Periode | M5: Datum začátku období | N5: Periodens startdatum | O5: Zaman Dilimi Başlangıç Tarihi | P5: Tarikh Mula Tempoh | Q5: Date de début de la période | R5: 기간 시작일 | S5: 期間開始日期 | T5: Periodens startdato | U5: Jakson alkamispäivä | V5: Időszak kezdő dátuma | W5: Periodens startdato | X5: Dátum začiatku obdobia
A6: **Period End Date | B6: Fin de la période (date) | C6: Fecha de fin del periodo | D6: Periodenenddatum | E6: 期間終了日 | F6: Data koncowa okresu | G6: Data do final do período | H6: Einddatum periode | I6: Data di fine del periodo | J6: 期间结束日期 | K6: วันที่สิ้นสุดช่วงเวลา | L6: Tanggal Akhir Periode | M6: Datum konce období | N6: Periodens slutdatum | O6: Zaman Dilimi Bitiş Tarihi | P6: Tarikh Tamat Tempoh | Q6: Date de fin de la période | R6: 기간 종료일 | S6: 期間結束日期 | T6: Periodens slutdato | U6: Jakson päättymispäivä | V6: Időszak befejezési dátuma | W6: Periodens sluttdato | X6: Dátum konca obdobia
A7: **Speed > Limit 1 | B7: Vitesse > Limite 1 | C7: Velocidad > Límite 1 | D7: Geschwindigkeit > Grenzwert 1 | E7: 速度 > 制限 1 | F7: Predkosc > Limit 1 | G7: Velocidade > Limite 1 | H7: Snelheid > Limiet 1 | I7: Velocità > Limite 1 | J7: 速度 > 限值 1 | K7: ความเร็ว > ค่าจำกัด 1 | L7: Kecepatan > Batas 1 | M7: Rychlost > limit 1 | N7: Hastighet > Gräns 1 | O7: Hız > Sınır 1 | P7: Kelajuan > Had 1 | Q7: Vitesse > Limite 1 | R7: 속도 > 제한 1 | S7: 速度 > 限制 1 | T7: Hastighed > grænse 1 | U7: Nopeus > rajoitus 1 | V7: Sebesség > 1. korlát | W7: Hastighet > grense 1 | X7: Rýchlosť > Limit 1
A8: **Speed > Limit 2 | B8: Vitesse > Limite 2 | C8: Velocidad > Límite 2 | D8: Geschwindigkeit > Grenzwert 2 | E8: 速度 > 制限 2 | F8: Predkosc > Limit 2 | G8: Velocidade > Limite 2 | H8: Snelheid > Limiet 2 | I8: Velocità > Limite 2 | J8: 速度 > 限值 2 | K8: ความเร็ว > ค่าจำกัด 2 | L8: Kecepatan > Batas 2 | M8: Rychlost > limit 2 | N8: Hastighet > Gräns 2 | O8: Hız > Sınır 2 | P8: Kelajuan > Had 2 | Q8: Vitesse > Limite 2 | R8: 속도 > 제한 2 | S8: 速度 > 限制 2 | T8: Hastighed > grænse 2 | U8: Nopeus > rajoitus 2 | V8: Sebesség > 2. korlát | W8: Hastighet > grense 2 | X8: Rýchlosť > Limit 2
A9: **Speed > Limit 3 | B9: Vitesse > Limite 3 | C9: Velocidad > Límite 3 | D9: Geschwindigkeit > Grenzwert 3 | E9: 速度 > 制限 3 | F9: Predkosc > Limit 3 | G9: Velocidade > Limite 3 | H9: Snelheid > Limiet 3 | I9: Velocità > Limite 3 | J9: 速度 > 限值 3 | K9: ความเร็ว > ค่าจำกัด 3 | L9: Kecepatan > Batas 3 | M9: Rychlost > limit 3 | N9: Hastighet > Gräns 3 | O9: Hız > Sınır 3 | P9: Kelajuan > Had 3 | Q9: Vitesse > Limite 3 | R9: 속도 > 제한 3 | S9: 速度 > 限制 3 | T9: Hastighed > grænse 3 | U9: Nopeus > rajoitus 3 | V9: Sebesség > 3. korlát | W9: Hastighet > grense 3 | X9: Rýchlosť > Limit 3
A10: **Average Speed | B10: La vitesse moyenne | C10: Velocidad media | D10: Durchschnittsgeschwindigkeit | E10: 平均スピード | F10: Srednia predkosc | G10: Velocidade média | H10: Gemiddelde snelheid | I10: Velocità media | J10: 平均速度 | K10: ความเร็วเฉลี่ย | L10: Kecepatan Rata-Rata | M10: Průměrná rychlost | N10: Medelhastighet | O10: Ortalama Hız | P10: Kelajuan purata | Q10: Vitesse moyenne | R10: 평균 속도 | S10: 平均速度 | T10: Gennemsnitlig hastighed | U10: Keskinopeus | V10: Átlagos sebesség | W10: Gjennomsnittlig hastighet | X10: Priemerná rýchlosť
A11: **Stop < 10 mins. | B11: Arrêt < 10 min. | C11: Parada < 10 min. | D11: Stopp < 10 Min. | E11: 停車 < 10 分 | F11: Postój < 10 minut | G11: Parada < 10 min. | H11: Stop < 10 min. | I11: Sosta < 10 min | J11: 停车 < 10 分钟。 | K11: การหยุด < 10 นาที | L11: Berhenti < 10 menit | M11: Zastávka < 10 minut. | N11: Stopp < 10 min. | O11: Duraklama < 10 dk. | P11: Berhenti < 10 min. | Q11: Arrêt < 10 min. | R11: 정지 10분 미만 | S11: 停車 < 10 分鐘。 | T11: Stop < 10 min. | U11: Pysähdys < 10 min | V11: Megálló < 10 perc. | W11: Stopp < 10 minutter. | X11: Zastávka < 10 min
A12: **Stop > 10 mins. | B12: Arrêt > 10 min. | C12: Parada > 10 min. | D12: Stopp > 10 Min. | E12: 停車 > 10 分 | F12: Postój > 10 minut | G12: Parada > 10 min. | H12: Stop > 10 min. | I12: Sosta > 10 min | J12: 停车 > 10 分钟。 | K12: การหยุด > 10 นาที | L12: Berhenti > 10 menit | M12: Zastávka > 10 minut. | N12: Stopp > 10 min. | O12: Duraklama > 10 dk. | P12: Berhenti > 10 min. | Q12: Arrêt > 10 min. | R12: 정지 10분 초과 | S12: 停車 > 10 分鐘。 | T12: Stop > 10 min. | U12: Pysähdys > 10 min | V12: Megálló > 10 perc. | W12: Stopp > 10 minutter. | X12: Zastávka > 10 min
... A61: **Highest Idling Duration | B61: Durée de marche au ralenti la plus élevée | C61: Mayor tiempo en ralentí | D61: Längste Gesamtdauer Motorleerlauf | E61: 最大アイドリング期間 | F61: Najwięcej czasu na biegu jałowym | G61: Maior duração de tempo parado com motor ligado | H61: Langste duur stationair draaien | I61: Maggior durata delle soste a motore acceso | J61: 最高怠速时长 | K61: ระยะเวลาเดินเครื่องเบาสูงสุด | L61: Durasi Stasioner Tertinggi | M61: Nejvyšší hodnota délky volnoběhu | N61: Högsta tomgångstid | O61: En Yüksek Rölanti Süresi | P61: Highest Idling Duration | Q61: Marche au ralenti la plus longue | R61: 공회전 지속 시간 최고 | S61: 最高怠速持續時間 | T61: Højeste varighed af tomgang | U61: Pisin tyhjäkäynnin kesto | V61: Magas tétlenségi időtartam | W61: Varighet for høyeste tomgang | X61: Najvyššie trvanie voľnobehu
